Amy 0901 Taiwan amy@amy.com.tw
Ben 0902 USA ben@ben.com
Cindy 0903 Japan cindy@cindy.co.jp
David 0904 China david@david.com.cn
Erina 0905 Korea erina@erina.com.kr
Frank 0906 Russia frank@frank.com.ru
Hank 0907 Canada hank@hank.com.ca
George 0908 Mexico george@ge.com.mx
